"Function / Call Stack","Function (Full)","Effective Time by Utilization","Imbalance or Serial Spinning (OpenMP)","Lock Contention (OpenMP)","Other","Creation (OpenMP)","Scheduling (OpenMP)","Reduction (OpenMP)","Atomics (OpenMP)","Other","Instructions Retired","CPI Rate","CPU Frequency Ratio","Module","Source File","Start Address"
"func@0x1002e36f","func@0x1002e36f","9.92663","0","0","0","0","0","0","0","0","372580000000","1.3217","1.37246","libiomp5md.dll","","0x1002e36f"
"FORMGS","FORMGS","5.71141","0","0","0","0","0","0","0","0","485940000000","0.564473","1.32872","dd3imp_therm.exe","formgs.for","0x58c220"
"ELSRI1","ELSRI1","5.24385","0","0","0","0","0","0","0","0","404040000000","0.615187","1.31139","dd3imp_therm.exe","elsri1.for","0x58c660"
"Wow64SystemServiceCall","Wow64SystemServiceCall","3.53906","0","0","0","0","0","0","0","0","72800000000","2.11429","1.20325","ntdll.dll","","0x4b2fd4d0"
"DERPUV","DERPUV","2.81974","0","0","0","0","0","0","0","0","176800000000","0.752941","1.30612","dd3imp_therm.exe","derpuv.for","0x64f500"
"func@0x6b101d31","func@0x6b101d31","2.65429","0","0","0","0","0","0","0","0","16900000000","7.32308","1.28997","wow64cpu.dll","","0x6b101d31"
"PROJVE","PROJVE","2.07164","0","0","0","0","0","0","0","0","126880000000","0.64959","1.10069","dd3imp_therm.exe","projve.for","0x6246d0"
"[MKL BLAS]@dgemm_kernel_0","mkl_blas_avx2_dgemm_kernel_0","2.03568","0","0","0","0","0","0","0","0","110760000000","0.659624","0.992933","dd3imp_therm.exe","","0x2af2240"
"[Outside any known module]","[Outside any known module]","1.30197","0","0","0","0","0","0","0","0","27820000000","1.98131","1.17127","","","0"
"[MKL PARDISO]@blklcore_omp_mic_real","mkl_pds_blklcore_omp_mic_real","1.12933","0","0","0","0","0","0","0","0","102440000000","0.606599","1.52229","dd3imp_therm.exe","","0xb7c750"
"LUDCMP","LUDCMP","1.07179","0","0","0","0","0","0","0","0","63960000000","0.796748","1.31544","dd3imp_therm.exe","ludcmp.for","0x42ed40"
"[MKL PARDISO]@upd_real_block","mkl_pds_upd_real_block","1.07179","0","0","0","0","0","0","0","0","65000000000","0.736","1.2349","dd3imp_therm.exe","","0xcc3fe0"
"[MKL BLAS]@xdgemv","mkl_blas_avx2_xdgemv","1.07179","0","0","0","0","0","0","0","0","7540000000","6.34483","1.2349","dd3imp_therm.exe","","0xd6f790"
"func@0x6b1018e6","func@0x6b1018e6","1.00705","0","0","0","0","0","0","0","0","1560000000","28.5","1.22143","wow64cpu.dll","","0x6b1018e6"
"TURESM","TURESM","0.98547","0","0","0","0","0","0","0","0","94900000000","0.506849","1.35036","dd3imp_therm.exe","turesm.for","0x441080"
"[MKL BLAS]@dtrsm_i","mkl_blas_avx2_dtrsm_i","0.978277","0","0","0","0","0","0","0","0","53560000000","0.805825","1.22059","dd3imp_therm.exe","","0x293ac10"
"TMSRI1","TMSRI1","0.935117","0","0","0","0","0","0","0","0","76180000000","0.679181","1.53077","dd3imp_therm.exe","tmsri1.for","0x5c3e50"
"M_FUNCTIONS_mp_POTENCIA","M_FUNCTIONS_mp_POTENCIA","0.891958","0","0","0","0","0","0","0","0","52000000000","0.8","1.29032","dd3imp_therm.exe","mod_functions.f","0x45f290"
"[MKL PARDISO]@dgetc2_pardiso","mkl_pds_dgetc2_pardiso","0.848799","0","0","0","0","0","0","0","0","52520000000","0.772277","1.32203","dd3imp_therm.exe","","0x8d8830"
"func@0xb7e400","func@0xb7e400","0.661775","0","0","0","0","0","0","0","0","9880000000","3.02632","1.25","dd3imp_therm.exe","","0xb7e400"
"COMPD","COMPD","0.625809","0","0","0","0","0","0","0","0","50180000000","0.564767","1.25287","dd3imp_therm.exe","compd.for","0x428bb0"
"LUBKSB","LUBKSB","0.532298","0","0","0","0","0","0","0","0","19240000000","1.25676","1.25676","dd3imp_therm.exe","lubksb.for","0x422b80"
"[MKL Sparse BLAS]@dcsr1ng__f__mvout_par","mkl_spblas_avx2_dcsr1ng__f__mvout_par","0.503525","0","0","0","0","0","0","0","0","5720000000","3.40909","1.07143","dd3imp_therm.exe","","0x1c225e0"
"COMPE","COMPE","0.481945","0","0","0","0","0","0","0","0","41340000000","0.660377","1.56716","dd3imp_therm.exe","compe.for","0x456670"
"[MKL BLAS]@dgemm_dcopy_down12_ea","mkl_blas_avx2_dgemm_dcopy_down12_ea","0.438786","0","0","0","0","0","0","0","0","6500000000","2.72","1.11475","dd3imp_therm.exe","","0x2aeeb00"
"[MKL BLAS]@dgemm_pst","mkl_blas_avx2_dgemm_pst","0.40282","0","0","0","0","0","0","0","0","10920000000","1.40476","1.05357","dd3imp_therm.exe","","0x24b1c70"
"METRIC","METRIC","0.38124","0","0","0","0","0","0","0","0","15860000000","1.13115","1.30189","dd3imp_therm.exe","metric.for","0x4438a0"
"[MKL BLAS]@xdaxpy","mkl_blas_avx2_xdaxpy","0.374047","0","0","0","0","0","0","0","0","20020000000","0.571429","0.846154","dd3imp_therm.exe","","0x1b0d6c0"
"PROJEC","PROJEC","0.366854","0","0","0","0","0","0","0","0","16380000000","1.14286","1.41176","dd3imp_therm.exe","projec.for","0x5a5780"
"ROT","ROT","0.345274","0","0","0","0","0","0","0","0","19500000000","0.773333","1.20833","dd3imp_therm.exe","rot.for","0x438410"
"chkstk","chkstk","0.309308","0","0","0","0","0","0","0","0","17420000000","1.02985","1.60465","dd3imp_therm.exe","chkstk.asm","0x2bc2fa0"
"ESMCOR","ESMCOR","0.280535","0","0","0","0","0","0","0","0","17420000000","0.522388","0.897436","dd3imp_therm.exe","esmcor.for","0x5ab290"
"[MKL BLAS]@dgemm_dcopy_down2_ea","mkl_blas_avx2_dgemm_dcopy_down2_ea","0.280535","0","0","0","0","0","0","0","0","5460000000","1.95238","1.05128","dd3imp_therm.exe","","0x2af0900"
"STCRLI","STCRLI","0.258956","0","0","0","0","0","0","0","0","11180000000","0.674419","0.805556","dd3imp_therm.exe","stcrli.for","0x447f40"
"[MKL BLAS]@dgtran_dtrsm","mkl_blas_avx2_dgtran_dtrsm","0.251762","0","0","0","0","0","0","0","0","2860000000","3.18182","1","dd3imp_therm.exe","","0x27044d0"
"[MKL PARDISO]@fwd_omp_mic_real","mkl_pds_fwd_omp_mic_real","0.230183","0","0","0","0","0","0","0","0","25220000000","0.391753","1.1875","dd3imp_therm.exe","","0xb67520"
"[MKL PARDISO]@blkslv_omp_mic_real","mkl_pds_blkslv_omp_mic_real","0.215796","0","0","0","0","0","0","0","0","3900000000","3.13333","1.56667","dd3imp_therm.exe","","0x998110"
"__libm_sse2_pow","__libm_sse2_pow","0.215796","0","0","0","0","0","0","0","0","20540000000","0.708861","1.86667","dd3imp_therm.exe","","0x71f390"
"__intel_memset","__intel_memset","0.208603","0","0","0","0","0","0","0","0","2860000000","2.54545","0.965517","dd3imp_therm.exe","","0x73941d"
"SYSCOE","SYSCOE","0.20141","0","0","0","0","0","0","0","0","13520000000","0.961538","1.78571","dd3imp_therm.exe","syscoe.for","0x6234b0"
"STACTU1A","STACTU1A","0.20141","0","0","0","0","0","0","0","0","2860000000","2.27273","0.892857","dd3imp_therm.exe","stactu1a.for","0x443030"
"FSHAPE","FSHAPE","0.194217","0","0","0","0","0","0","0","0","18720000000","0.430556","1.14815","dd3imp_therm.exe","fshape.for","0x6659d0"
"[MKL PARDISO]@bwd_omp_mic_real","mkl_pds_bwd_omp_mic_real","0.187023","0","0","0","0","0","0","0","0","11180000000","0.488372","0.807692","dd3imp_therm.exe","","0xb65ab0"
"[MKL BLAS]@xdswap","mkl_blas_avx2_xdswap","0.187023","0","0","0","0","0","0","0","0","10140000000","1","1.5","dd3imp_therm.exe","","0xe679e0"
"PMIDCA","PMIDCA","0.187023","0","0","0","0","0","0","0","0","8840000000","0.588235","0.769231","dd3imp_therm.exe","pmidca.for","0x624db0"
"STRESS","STRESS","0.17983","0","0","0","0","0","0","0","0","7020000000","0.777778","0.84","dd3imp_therm.exe","stress_solid.for","0x5c5ab0"
"FORMGF","FORMGF","0.165444","0","0","0","0","0","0","0","0","15080000000","0.327586","0.826087","dd3imp_therm.exe","formgf.for","0x504750"
"[MKL BLAS]@xdgemm_par","mkl_blas_avx2_xdgemm_par","0.165444","0","0","0","0","0","0","0","0","6500000000","0.56","0.608696","dd3imp_therm.exe","","0x1743400"
"ROTCEF","ROTCEF","0.165444","0","0","0","0","0","0","0","0","10400000000","0.625","1.08696","dd3imp_therm.exe","rotcef.for","0x421eb0"
"NORMAL","NORMAL","0.158251","0","0","0","0","0","0","0","0","9100000000","1.02857","1.63636","dd3imp_therm.exe","normal.for","0x452b50"
"ELASTICITY","ELASTICITY","0.151057","0","0","0","0","0","0","0","0","12480000000","0.708333","1.61905","dd3imp_therm.exe","ELASTICITY.for","0x452bf0"
"func@0x6b101e50","func@0x6b101e50","0.129478","0","0","0","0","0","0","0","0","0","","1.38889","wow64cpu.dll","","0x6b101e50"
"[MKL PARDISO]@dss_factor","mkl_pds_dss_factor","0.100705","0","0","0","0","0","0","0","0","2600000000","2","1.42857","dd3imp_therm.exe","","0x74438c"
"PROJRI","PROJRI","0.100705","0","0","0","0","0","0","0","0","2080000000","0.375","0.214286","dd3imp_therm.exe","projri.for","0x44eae0"
"GRNGUV","GRNGUV","0.0935117","0","0","0","0","0","0","0","0","7280000000","0.357143","0.769231","dd3imp_therm.exe","grnguv.for","0x44f610"
"[MKL BLAS]@xdger","mkl_blas_avx2_xdger","0.0935117","0","0","0","0","0","0","0","0","5460000000","0.333333","0.538462","dd3imp_therm.exe","","0xe6e690"
"VE5TE6","VE5TE6","0.0863185","0","0","0","0","0","0","0","0","2080000000","1","0.666667","dd3imp_therm.exe","ve5te6.for","0x4ac530"
"STITE1A","STITE1A","0.0863185","0","0","0","0","0","0","0","0","7020000000","0.962963","2.16667","dd3imp_therm.exe","stite1a.for","0x5b7fd0"
"STGEM1A","STGEM1A","0.0791253","0","0","0","0","0","0","0","0","2080000000","1.5","1.09091","dd3imp_therm.exe","stgem1a.for","0x4c6a80"
"PATCHBOX","PATCHBOX","0.0791253","0","0","0","0","0","0","0","0","2080000000","2.5","1.81818","dd3imp_therm.exe","patchbox.for","0x5432b0"
"SYMTEN","SYMTEN","0.0791253","0","0","0","0","0","0","0","0","3380000000","0.846154","1","dd3imp_therm.exe","symten.for","0x443140"
"DET","DET","0.0719321","0","0","0","0","0","0","0","0","8060000000","0.83871","2.6","dd3imp_therm.exe","functions.for","0x6070f0"
"[MKL BLAS]@dtrsm_has_denormal","mkl_blas_avx2_dtrsm_has_denormal","0.0719321","0","0","0","0","0","0","0","0","520000000","4.5","0.9","dd3imp_therm.exe","","0x2200c10"
"[MKL BLAS]@dgemm_ker0","mkl_blas_avx2_dgemm_ker0","0.0647389","0","0","0","0","0","0","0","0","1560000000","1.16667","0.777778","dd3imp_therm.exe","","0x29201f0"
"CONIND","CONIND","0.0647389","0","0","0","0","0","0","0","0","4420000000","1.23529","2.33333","dd3imp_therm.exe","conind.for","0x450fd0"
"STRAIN","STRAIN","0.0647389","0","0","0","0","0","0","0","0","3380000000","1.38462","2","dd3imp_therm.exe","strain.for","0x433c60"
"STPLIN","STPLIN","0.0647389","0","0","0","0","0","0","0","0","1820000000","1.42857","1.11111","dd3imp_therm.exe","stplin.for","0x437ed0"
"ROTINV","ROTINV","0.0575457","0","0","0","0","0","0","0","0","2080000000","1.375","1.375","dd3imp_therm.exe","rotinv.for","0x44c830"
"[MKL BLAS]@dswap","mkl_blas_dswap","0.0575457","0","0","0","0","0","0","0","0","1040000000","2.5","1.25","dd3imp_therm.exe","","0xb2c280"
"TE6VE5","TE6VE5","0.0575457","0","0","0","0","0","0","0","0","1040000000","1.5","0.75","dd3imp_therm.exe","te6ve5.for","0x639370"
"func@0x2208140","func@0x2208140","0.0575457","0","0","0","0","0","0","0","0","0","","1.125","dd3imp_therm.exe","","0x2208140"
"PROJMA","PROJMA","0.0503525","0","0","0","0","0","0","0","0","3900000000","0.933333","2","dd3imp_therm.exe","projma.for","0x448280"
"MATIN3","MATIN3","0.0503525","0","0","0","0","0","0","0","0","1820000000","0.857143","0.857143","dd3imp_therm.exe","matin3.for","0x458e60"
"[MKL BLAS]@dgemm_get_bufs","mkl_blas_avx2_dgemm_get_bufs","0.0503525","0","0","0","0","0","0","0","0","1560000000","0.333333","0.285714","dd3imp_therm.exe","","0x291fc10"
"ITEREQ","ITEREQ","0.0431593","0","0","0","0","0","0","0","0","1560000000","1.5","1.5","dd3imp_therm.exe","itereq.for","0x5a5f50"
"GENEDU","GENEDU","0.0431593","0","0","0","0","0","0","0","0","1560000000","1","1","dd3imp_therm.exe","genedu.for","0x49c7f0"
"CROSS","CROSS","0.0431593","0","0","0","0","0","0","0","0","4680000000","0.611111","1.83333","dd3imp_therm.exe","cross.for","0x43a610"
"FORCEP","FORCEP","0.0431593","0","0","0","0","0","0","0","0","520000000","2.5","0.833333","dd3imp_therm.exe","forcep.for","0x504b60"
"THERM_DETCTES","THERM_DETCTES","0.0431593","0","0","0","0","0","0","0","0","780000000","1","0.5","dd3imp_therm.exe","Therm_detCTEs.for","0x488cd0"
"func@0x220a000","func@0x220a000","0.0431593","0","0","0","0","0","0","0","0","260000000","8","1.33333","dd3imp_therm.exe","","0x220a000"
"func@0x2203ce0","func@0x2203ce0","0.0431593","0","0","0","0","0","0","0","0","0","","1.33333","dd3imp_therm.exe","","0x2203ce0"
"GESTAE$omp$parallel@100","GESTAE$omp$parallel@100","0.035966","0","0","0","0","0","0","0","0","1820000000","1.14286","1.6","dd3imp_therm.exe","gestae.for","0x4c0505"
"PROD","PROD","0.035966","0","0","0","0","0","0","0","0","1560000000","3.33333","4","dd3imp_therm.exe","prod.for","0x4417c0"
"DPDOT","DPDOT","0.035966","0","0","0","0","0","0","0","0","260000000","7","1.4","dd3imp_therm.exe","functions.for","0x607170"
"[MKL LAPACK]@xdlaswp","mkl_lapack_xdlaswp","0.035966","0","0","0","0","0","0","0","0","520000000","0.5","0.2","dd3imp_therm.exe","","0xcd7cd0"
"ROTATE","ROTATE","0.035966","0","0","0","0","0","0","0","0","2080000000","1.375","2.2","dd3imp_therm.exe","rotate.for","0x42a540"
"VOIT56","VOIT56","0.035966","0","0","0","0","0","0","0","0","3120000000","0.416667","1","dd3imp_therm.exe","voit56.for","0x4fe2b0"
"GESTAE","GESTAE","0.035966","0","0","0","0","0","0","0","0","780000000","2","1.2","dd3imp_therm.exe","gestae.for","0x4bfea0"
"TurboDispatchJumpAddressStart","TurboDispatchJumpAddressStart","0.0287728","0","0","0","0","0","0","0","0","0","","1.5","wow64cpu.dll","","0x6b101913"
"InterlockedCompareExchangeStub","InterlockedCompareExchangeStub","0.0287728","0","0","0","0","0","0","0","0","780000000","2","1.5","kernel32.dll","","0x6b823a10"
"TlsGetValue","TlsGetValue","0.0287728","0","0","0","0","0","0","0","0","520000000","2","1","kernelbase.dll","","0x100b0260"
"LOCALI","LOCALI","0.0287728","0","0","0","0","0","0","0","0","780000000","2","1.5","dd3imp_therm.exe","locali.for","0x58b050"
"PRODTS","PRODTS","0.0287728","0","0","0","0","0","0","0","0","3380000000","0.230769","0.75","dd3imp_therm.exe","prodts.for","0x44cc10"
"[MKL BLAS]@xdgemm","mkl_blas_xdgemm","0.0287728","0","0","0","0","0","0","0","0","1300000000","1.2","1.5","dd3imp_therm.exe","","0xce59b0"
"[MKL SERVICE]@deallocate","mkl_serv_deallocate","0.0287728","0","0","0","0","0","0","0","0","780000000","0","0","dd3imp_therm.exe","","0x74b960"
"[MKL BLAS]@dgemm_get_blks_size","mkl_blas_avx2_dgemm_get_blks_size","0.0287728","0","0","0","0","0","0","0","0","1300000000","0.8","1","dd3imp_therm.exe","","0x291fab0"
"[MKL SERVICE]@lsame","mkl_serv_lsame","0.0287728","0","0","0","0","0","0","0","0","1040000000","1","1","dd3imp_therm.exe","","0x8f31b0"
"SCDIMP","SCDIMP","0.0287728","0","0","0","0","0","0","0","0","1040000000","0.25","0.25","dd3imp_therm.exe","scdimp.for","0x473840"
"[MKL BLAS]@dtrsm_lln_r","mkl_blas_avx2_dtrsm_lln_r","0.0287728","0","0","0","0","0","0","0","0","520000000","2","1","dd3imp_therm.exe","","0x22068c0"
"PRODT","PRODT","0.0287728","0","0","0","0","0","0","0","0","2600000000","0.5","1.25","dd3imp_therm.exe","prodt.for","0x450e90"
"[MKL PARDISO]@luspxm_pardiso","mkl_pds_luspxm_pardiso","0.0287728","0","0","0","0","0","0","0","0","520000000","4","2","dd3imp_therm.exe","","0x8cf200"
"[MKL BLAS]@dgemm_get_bufs_size","mkl_blas_avx2_dgemm_get_bufs_size","0.0287728","0","0","0","0","0","0","0","0","0","","0.25","dd3imp_therm.exe","","0x174c530"
"cvtas_t_to_a","cvtas_t_to_a","0.0215796","0","0","0","0","0","0","0","0","520000000","1","0.666667","dd3imp_therm.exe","","0x70ed70"
"for_write_seq_fmt_xmit","for_write_seq_fmt_xmit","0.0215796","0","0","0","0","0","0","0","0","520000000","0.5","0.333333","dd3imp_therm.exe","","0x670ef0"
"SIGMAT","SIGMAT","0.0215796","0","0","0","0","0","0","0","0","0","","0.333333","dd3imp_therm.exe","sigmat.for","0x4525b0"
"[MKL BLAS]@xdswap","mkl_blas_xdswap","0.0215796","0","0","0","0","0","0","0","0","1300000000","0.8","1.33333","dd3imp_therm.exe","","0xced8d0"
"NODESTF","NODESTF","0.0215796","0","0","0","0","0","0","0","0","780000000","0.666667","0.666667","dd3imp_therm.exe","nodesTF.for","0x4bfb50"
"[MKL BLAS]@xdtrsm","mkl_blas_avx2_xdtrsm","0.0215796","0","0","0","0","0","0","0","0","1040000000","1.25","1.66667","dd3imp_therm.exe","","0xd61ea0"
"DERIST","DERIST","0.0215796","0","0","0","0","0","0","0","0","1820000000","0.285714","0.666667","dd3imp_therm.exe","derist.for","0x4af9f0"
"DMSRI1","DMSRI1","0.0215796","0","0","0","0","0","0","0","0","780000000","2","2","dd3imp_therm.exe","dmsri1.for","0x5ad070"
"CONORM","CONORM","0.0215796","0","0","0","0","0","0","0","0","1300000000","1","1.66667","dd3imp_therm.exe","coNORM.for","0x430430"
"[MKL SERVICE]@allocate","mkl_serv_allocate","0.0215796","0","0","0","0","0","0","0","0","1040000000","1.5","2","dd3imp_therm.exe","","0x749060"
"func@0x74b0a0","func@0x74b0a0","0.0215796","0","0","0","0","0","0","0","0","520000000","1","0.666667","dd3imp_therm.exe","","0x74b0a0"
"[MKL BLAS]@xdgemm","mkl_blas_avx2_xdgemm","0.0215796","0","0","0","0","0","0","0","0","1560000000","1.5","3","dd3imp_therm.exe","","0xdd23e0"
"[MKL PARDISO]@ldindx_pardiso_mic","mkl_pds_ldindx_pardiso_mic","0.0215796","0","0","0","0","0","0","0","0","780000000","0.333333","0.333333","dd3imp_therm.exe","","0xcb9540"
"GESTA","GESTA","0.0215796","0","0","0","0","0","0","0","0","0","","1","dd3imp_therm.exe","gesta.for","0x5a99c0"
"omp_in_parallel","omp_in_parallel","0.0143864","0","0","0","0","0","0","0","0","260000000","0","0","libiomp5md.dll","","0x10049830"
"_output_s_l","_output_s_l","0.0143864","0","0","0","0","0","0","0","0","0","0","0","libiomp5md.dll","","0x100c718b"
"INITSOLVER","INITSOLVER","0.0143864","0","0","0","0","0","0","0","0","0","","1.5","dd3imp_therm.exe","INITsolver.for","0x63c8c0"
"[MKL BLAS]@dgemm_copyan","mkl_blas_avx2_dgemm_copyan","0.0143864","0","0","0","0","0","0","0","0","1560000000","0.333333","1","dd3imp_therm.exe","","0x2920070"
"CALTRD","CALTRD","0.0143864","0","0","0","0","0","0","0","0","0","","1","dd3imp_therm.exe","caltrd.for","0x4c3140"
"[MKL BLAS]@dtrsm_l2","mkl_blas_avx2_dtrsm_l2","0.0143864","0","0","0","0","0","0","0","0","520000000","2","2","dd3imp_therm.exe","","0x27130a0"
"[MKL PARDISO]@fct_real_block","mkl_pds_fct_real_block","0.0143864","0","0","0","0","0","0","0","0","780000000","1","1.5","dd3imp_therm.exe","","0xcc2600"
"[MKL PARDISO]@psol_bwscat_pardiso_mic","mkl_pds_psol_bwscat_pardiso_mic","0.0143864","0","0","0","0","0","0","0","0","780000000","0.666667","1","dd3imp_therm.exe","","0x99cb00"
"ROT66","ROT66","0.0143864","0","0","0","0","0","0","0","0","1560000000","0.666667","2","dd3imp_therm.exe","rot66.for","0x42a920"
"[MKL PARDISO]@do_all_pardiso_fc","mkl_pds_do_all_pardiso_fc","0.0143864","0","0","0","0","0","0","0","0","520000000","1","1","dd3imp_therm.exe","","0x77b9b0"
"FSHAPEGID","FSHAPEGID","0.0143864","0","0","0","0","0","0","0","0","0","0","0","dd3imp_therm.exe","GLstrainT.for","0x502e0c"
"[MKL PARDISO]@copy_rhs_omp_to_rhs_real","mkl_pds_copy_rhs_omp_to_rhs_real","0.0143864","0","0","0","0","0","0","0","0","0","","1","dd3imp_therm.exe","","0xb6a4c0"
"EQUI2H48","EQUI2H48","0.0143864","0","0","0","0","0","0","0","0","520000000","4.5","4.5","dd3imp_therm.exe","functions.for","0x607300"
"[MKL BLAS]@dtrsm_lun_r","mkl_blas_avx2_dtrsm_lun_r","0.0143864","0","0","0","0","0","0","0","0","780000000","0.666667","1","dd3imp_therm.exe","","0x2200c80"
"ELEMCO","ELEMCO","0.0143864","0","0","0","0","0","0","0","0","0","","0.5","dd3imp_therm.exe","elemco.for","0x4af590"
"UPDATE","UPDATE","0.0143864","0","0","0","0","0","0","0","0","0","","1","dd3imp_therm.exe","update.for","0x539ec0"
"[MKL BLAS]@dgemm_nn_4x4_m1_1_u","mkl_blas_avx2_dgemm_nn_4x4_m1_1_u","0.0143864","0","0","0","0","0","0","0","0","780000000","0","0","dd3imp_therm.exe","","0x270bba0"
"func@0x2203ab0","func@0x2203ab0","0.0143864","0","0","0","0","0","0","0","0","520000000","3.5","3.5","dd3imp_therm.exe","","0x2203ab0"
"READNSTDATA","READNSTDATA","0.0143864","0","0","0","0","0","0","0","0","0","0","0","dd3imp_therm.exe","mod_saveNST.f","0x469a40"
"SIGVEC","SIGVEC","0.0143864","0","0","0","0","0","0","0","0","0","0","0","dd3imp_therm.exe","sigvec.for","0x45a4d0"
"for__put_sf","for__put_sf","0.0143864","0","0","0","0","0","0","0","0","0","","0.5","dd3imp_therm.exe","","0x6d81b0"
"UPDATECONFIG","UPDATECONFIG","0.0143864","0","0","0","0","0","0","0","0","260000000","1","0.5","dd3imp_therm.exe","updateconfig.for","0x515950"
"func@0x6b1017e0","func@0x6b1017e0","0.00719321","0","0","0","0","0","0","0","0","260000000","0","0","wow64cpu.dll","","0x6b1017e0"
"LongCompareString","LongCompareString","0.00719321","0","0","0","0","0","0","0","0","0","","1","kernel32.dll","","0x6b8108f0"
"func@0x10028a71","func@0x10028a71","0.00719321","0","0","0","0","0","0","0","0","0","0","0","ittnotify_collector.dll","","0x10028a71"
"InterlockedExchangeStub","InterlockedExchangeStub","0.00719321","0","0","0","0","0","0","0","0","0","0","0","kernel32.dll","","0x6b817650"
"RtlSetLastWin32Error","RtlSetLastWin32Error","0.00719321","0","0","0","0","0","0","0","0","0","","1","ntdll.dll","","0x4b2d28c0"
"SbSelectProcedure","SbSelectProcedure","0.00719321","0","0","0","0","0","0","0","0","0","0","0","ntdll.dll","","0x4b2ae7f0"
"_getptd_noexit","_getptd_noexit","0.00719321","0","0","0","0","0","0","0","0","0","","1","libiomp5md.dll","","0x100b9bed"
"SpecialMBToWC","SpecialMBToWC","0.00719321","0","0","0","0","0","0","0","0","0","","1","kernelbase.dll","","0x100a4570"
"_SEH_prolog4","_SEH_prolog4","0.00719321","0","0","0","0","0","0","0","0","0","0","0","kernelbase.dll","","0x100d89d8"
"WriteFile","WriteFile","0.00719321","0","0","0","0","0","0","0","0","0","","1","kernelbase.dll","","0x100a7db0"
"for_write_seq_lis_xmit","for_write_seq_lis_xmit","0.00719321","0","0","0","0","0","0","0","0","0","0","0","dd3imp_therm.exe","","0x680900"
"GENDR","GENDR","0.00719321","0","0","0","0","0","0","0","0","1560000000","0.833333","5","dd3imp_therm.exe","gendr.for","0x43dc40"
"MULESM","MULESM","0.00719321","0","0","0","0","0","0","0","0","2860000000","0.636364","7","dd3imp_therm.exe","mulesm.for","0x438980"
"DERMINUPDATE","DERMINUPDATE","0.00719321","0","0","0","0","0","0","0","0","0","0","0","dd3imp_therm.exe","derminupdate.for","0x4af770"
"for_cpstr","for_cpstr","0.00719321","0","0","0","0","0","0","0","0","260000000","0","0","dd3imp_therm.exe","","0x66df30"
"DESTIN","DESTIN","0.00719321","0","0","0","0","0","0","0","0","260000000","1","1","dd3imp_therm.exe","destin.for","0x47b0f0"
"[MKL BLAS]@dtrsm_l1","mkl_blas_avx2_dtrsm_l1","0.00719321","0","0","0","0","0","0","0","0","1040000000","0.25","1","dd3imp_therm.exe","","0x221cb50"
"PROJECBC","PROJECBC","0.00719321","0","0","0","0","0","0","0","0","520000000","2","4","dd3imp_therm.exe","projecBC.for","0x43d6f0"
"[MKL BLAS]@dgemm_nn_8x8_m1_1_u","mkl_blas_avx2_dgemm_nn_8x8_m1_1_u","0.00719321","0","0","0","0","0","0","0","0","520000000","0","0","dd3imp_therm.exe","","0x270be10"
"DEPEQQQ","DEPEQQQ","0.00719321","0","0","0","0","0","0","0","0","260000000","7","7","dd3imp_therm.exe","DEPEQQQ.for","0x507030"
"STATIP","STATIP","0.00719321","0","0","0","0","0","0","0","0","260000000","1","1","dd3imp_therm.exe","statip.for","0x623c80"
"STATE","STATE","0.00719321","0","0","0","0","0","0","0","0","520000000","0","0","dd3imp_therm.exe","state.for","0x5d9550"
"[MKL PARDISO]@psol_fwgath_pardiso_mic","mkl_pds_psol_fwgath_pardiso_mic","0.00719321","0","0","0","0","0","0","0","0","0","","2","dd3imp_therm.exe","","0x99fde0"
"QROTM","QROTM","0.00719321","0","0","0","0","0","0","0","0","2860000000","0.454545","5","dd3imp_therm.exe","qrotm.for","0x452630"
"[MKL LAPACK]@dlaswp","mkl_lapack_dlaswp","0.00719321","0","0","0","0","0","0","0","0","0","","1","dd3imp_therm.exe","","0xafc8c0"
"INVJ2","INVJ2","0.00719321","0","0","0","0","0","0","0","0","0","0","0","dd3imp_therm.exe","functions.for","0x607dc0"
"EPMOD_ST","EPMOD_ST","0.00719321","0","0","0","0","0","0","0","0","0","0","0","dd3imp_therm.exe","EPmod.for","0x4ae700"
"GETDATANEW","GETDATANEW","0.00719321","0","0","0","0","0","0","0","0","260000000","1","1","dd3imp_therm.exe","GETdataNew.for","0x517f30"
"func@0xcc64b0","func@0xcc64b0","0.00719321","0","0","0","0","0","0","0","0","260000000","3","3","dd3imp_therm.exe","","0xcc64b0"
"GESTA$omp$parallel@84","GESTA$omp$parallel@84","0.00719321","0","0","0","0","0","0","0","0","260000000","0","0","dd3imp_therm.exe","gesta.for","0x5a9de7"
"[MKL BLAS]@dgemm_get_kernel_version","mkl_blas_avx2_dgemm_get_kernel_version","0.00719321","0","0","0","0","0","0","0","0","520000000","0.5","1","dd3imp_therm.exe","","0x24bb790"
"QROT","QROT","0.00719321","0","0","0","0","0","0","0","0","260000000","0","0","dd3imp_therm.exe","qrot.for","0x443810"
"[MKL BLAS]@dgemm_copybt","mkl_blas_avx2_dgemm_copybt","0.00719321","0","0","0","0","0","0","0","0","260000000","1","1","dd3imp_therm.exe","","0x29201a0"
"GESTAT$omp$parallel@36","GESTAT$omp$parallel@36","0.00719321","0","0","0","0","0","0","0","0","520000000","0","0","dd3imp_therm.exe","gestat.for","0x4ad6de"
"for_write_seq_fmt","for_write_seq_fmt","0.00719321","0","0","0","0","0","0","0","0","260000000","0","0","dd3imp_therm.exe","","0x66e540"
"[MKL BLAS]@xdtrsm","mkl_blas_xdtrsm","0.00719321","0","0","0","0","0","0","0","0","520000000","1","2","dd3imp_therm.exe","","0xcd8650"
"[MKL SERVICE]@cache_info","mkl_serv_cache_info","0.00719321","0","0","0","0","0","0","0","0","0","0","0","dd3imp_therm.exe","","0xceda80"
"[MKL SERVICE]@cbwr_get","mkl_serv_cbwr_get","0.00719321","0","0","0","0","0","0","0","0","0","","1","dd3imp_therm.exe","","0x76a690"
"GENODISBE","GENODISBE","0.00719321","0","0","0","0","0","0","0","0","0","","1","dd3imp_therm.exe","genoDISBE.for","0x4ae180"
"[MKL PARDISO]@sssslv_pardiso","mkl_pds_sssslv_pardiso","0.00719321","0","0","0","0","0","0","0","0","1560000000","0","0","dd3imp_therm.exe","","0x80efb0"
"_intel_fast_memset","_intel_fast_memset","0.00719321","0","0","0","0","0","0","0","0","0","0","0","dd3imp_therm.exe","","0x7293f0"
"__intel_memcpy","__intel_memcpy","0.00719321","0","0","0","0","0","0","0","0","260000000","1","1","dd3imp_therm.exe","","0x739cac"
"QTROT","QTROT","0.00719321","0","0","0","0","0","0","0","0","0","","1","dd3imp_therm.exe","qtrot.for","0x441730"
"IMPVE","IMPVE","0.00719321","0","0","0","0","0","0","0","0","0","0","0","dd3imp_therm.exe","impve.for","0x55f010"
"[MKL PARDISO]@kgiqsort_pardiso","mkl_pds_kgiqsort_pardiso","0.00719321","0","0","0","0","0","0","0","0","0","0","0","dd3imp_therm.exe","","0x845920"
"__kmp_wait_yield_4","__kmp_wait_yield_4","0","0","192.644","0","0","0","0","0","0","321100000000","1.96194","1.26067","libiomp5md.dll","","0x100382a0"
"__kmp_x86_pause","__kmp_x86_pause","0","152.351","0","0","0","0","0","0","0","137800000000","3.76981","1.31447","libiomp5md.dll","","0x10091520"
"SleepStub","SleepStub","0","0","0","1.30301","0","0","0","0","0","0","","1.23077","kernel32.dll","","0x6b8177b0"
"__kmp_yield","__kmp_yield","0","76.7771","0","0","0","0","0","0","0","325780000000","0.727055","1.1893","libiomp5md.dll","","0x10093b00"
"__kmp_barrier","__kmp_barrier","0","8.41942","0","0","0","0","0","0","0","21840000000","1.13095","1.13095","libiomp5md.dll","","0x10029ed0"
"func@0x1000b390","func@0x1000b390","0","0","0","0","0","0","0","0","0","260000000","0","0","ittnotify_collector.dll","","0x1000b390"
"func@0x1000d0a0","func@0x1000d0a0","0","0","0","0","0","0","0","0","0","260000000","0","0","ittnotify_collector.dll","","0x1000d0a0"
"NtDelayExecution","NtDelayExecution","0","0","0","46.6075","0","0","0","0","0","11960000000","12.9783","1.28387","ntdll.dll","","0x4b2e8e40"
"RtlQueryPerformanceCounter","RtlQueryPerformanceCounter","0","0","0","0","0","0","0","0","0","260000000","0","0","ntdll.dll","","0x4b2d5140"
"__kmp_eq_4","__kmp_eq_4","0","0","37.7872","0","0","0","0","0","0","97760000000","1.36702","1.3634","libiomp5md.dll","","0x10038200"
"__kmp_join_barrier","__kmp_join_barrier(int)","0","1.10254","0","0","0","0","0","0","0","5720000000","1.31818","2.63636","libiomp5md.dll","","0x1002f9d0"
"__kmpc_critical","__kmpc_critical","0","0","0.501156","0","0","0","0","0","0","260000000","8","1.6","libiomp5md.dll","","0x100323c0"
"__kmpc_end_critical","__kmpc_end_critical","0","0","0","0","0","0","0","0","0.300694","260000000","3","1","libiomp5md.dll","","0x100328c0"
"__kmp_release_queuing_lock","__kmp_release_queuing_lock","0","0","0.601387","0","0","0","0","0","0","780000000","2.33333","1.16667","libiomp5md.dll","","0x100507a0"
"__kmp_compare_and_store32","__kmp_compare_and_store32","0","0","0","0","0","0","0","0","1.10254","1040000000","3","1.09091","libiomp5md.dll","","0x100915b0"
"__kmp_get_global_thread_id_reg","__kmp_get_global_thread_id_reg","0","0","0","0","0","0","0","0","0.100231","520000000","2.5","5","libiomp5md.dll","","0x10058ae0"
"__kmp_acquire_queuing_lock","__kmp_acquire_queuing_lock","0","0","0.80185","0","0","0","0","0","0","2340000000","1.66667","1.875","libiomp5md.dll","","0x10050200"
"__kmp_compare_and_store64","__kmp_compare_and_store64","0","0","0","0","0","0","0","0","0","260000000","1","","libiomp5md.dll","","0x100915d0"
"__kmpc_global_thread_num","__kmpc_global_thread_num","0","0","0","0","0","0","0","0","0.100231","260000000","0","0","libiomp5md.dll","","0x10031720"
"__kmp_test_then_add64","__kmp_test_then_add64","0","0","0","0","0","0","0","0","0.100231","0","0","0","libiomp5md.dll","","0x10091960"
"__kmpc_ok_to_fork","__kmpc_ok_to_fork","0","0","0","0","0","0","0","0","0.100231","0","0","0","libiomp5md.dll","","0x10031780"
"RtlpTryAcquireSubSegmentLock","RtlpTryAcquireSubSegmentLock","0","0","0","0","0","0","0","0","0","260000000","0","0","ntdll.dll","","0x4b2bcb30"
"RtlEnterCriticalSection","RtlEnterCriticalSection","0","0","0","0","0","0","0","0","0","260000000","0","0","ntdll.dll","","0x4b2c5a00"
"memset","memset","0","0","0","0","0","0","0","0","0","260000000","0","0","ntdll.dll","","0x4b2eee00"
"func@0x100c7117","func@0x100c7117","0","0","0","0","0","0","0","0","0","260000000","1","","libiomp5md.dll","","0x100c7117"
"__kmp_fork_call","__kmp_fork_call","0","0","0","0","0","0","0","0","0","260000000","0","0","libiomp5md.dll","","0x1005d0bc"
"__kmp_join_call","__kmp_join_call","0","0","0","0","0","0","0","0","0","260000000","0","0","libiomp5md.dll","","0x10060f1c"
"SleepEx","SleepEx","0","0","0","45.2043","0","0","0","0","0","43160000000","3.54819","1.30599","kernelbase.dll","","0x100b14d0"
"Sleep","Sleep","0","0","0","13.5312","0","0","0","0","0","6760000000","6.11538","1.17778","kernelbase.dll","","0x100b14b0"
"GIDOUT","GIDOUT","0","0","0","0","0","0","0","0","0","260000000","0","0","dd3imp_therm.exe","GIDout.for","0x57cb10"
"alldiv","alldiv","0","0","0","0","0","0","0","0","0","260000000","1","","dd3imp_therm.exe","lldiv.asm","0x2bc38a0"
"EIGENV","EIGENV","0","0","0","0","0","0","0","0","0","1300000000","0.6","","dd3imp_therm.exe","eigen.for","0x423900"
"IMPCOE","IMPCOE","0","0","0","0","0","0","0","0","0","260000000","0","0","dd3imp_therm.exe","impcoe.for","0x475d10"
"cvt_ieee_t_to_text_ex","cvt_ieee_t_to_text_ex","0","0","0","0","0","0","0","0","0","780000000","0","0","dd3imp_therm.exe","","0x6f6780"
"[MKL PARDISO]@metis_randompermute","mkl_pds_metis_randompermute","0","0","0","0","0","0","0","0","0","260000000","0","0","dd3imp_therm.exe","","0x78dbf0"
"CALCOP","CALCOP","0","0","0","0","0","0","0","0","0","1560000000","0.5","","dd3imp_therm.exe","calcop.for","0x42f750"
"ITEREQ$omp$parallel@275","ITEREQ$omp$parallel@275","0","0","0","0","0","0","0","0","0","780000000","1.66667","","dd3imp_therm.exe","itereq.for","0x5a7866"
"[MKL BLAS]@dgemm_zero_desc","mkl_blas_avx2_dgemm_zero_desc","0","0","0","0","0","0","0","0","0","260000000","2","","dd3imp_therm.exe","","0x1740780"
"[MKL BLAS]@dgemm_get_optimal_kernel","mkl_blas_avx2_dgemm_get_optimal_kernel","0","0","0","0","0","0","0","0","0","520000000","6","","dd3imp_therm.exe","","0x1740a50"
"[MKL BLAS]@dgemm_nn_4x8_m1_1_u","mkl_blas_avx2_dgemm_nn_4x8_m1_1_u","0","0","0","0","0","0","0","0","0","260000000","0","0","dd3imp_therm.exe","","0x2712ce0"
"[MKL BLAS]@dger","mkl_blas_dger","0","0","0","0","0","0","0","0","0","1560000000","0.333333","","dd3imp_therm.exe","","0xb2ca00"
"[MKL PARDISO]@get_jpanel","mkl_pds_get_jpanel","0","0","0","0","0","0","0","0","0","520000000","3","","dd3imp_therm.exe","","0xcb4520"
"cvt_integer_to_text","cvt_integer_to_text","0","0","0","0","0","0","0","0","0","260000000","0","0","dd3imp_therm.exe","","0x6f1a70"
"GLOREA","GLOREA","0","0","0","0","0","0","0","0","0","260000000","1","","dd3imp_therm.exe","glorea.for","0x4ec5d0"
"[MKL BLAS]@dgemm_nn_16x16_m1_1_u","mkl_blas_avx2_dgemm_nn_16x16_m1_1_u","0","0","0","0","0","0","0","0","0","520000000","1","","dd3imp_therm.exe","","0x270c530"
"FORCON","FORCON","0","0","0","0","0","0","0","0","0","260000000","2","","dd3imp_therm.exe","forcon.for","0x444750"
"[MKL PARDISO]@solve_pardiso","mkl_pds_solve_pardiso","0","0","0","0","0","0","0","0","0","260000000","1","","dd3imp_therm.exe","","0x7d9c20"
"[MKL BLAS]@xdgemv","mkl_blas_xdgemv","0","0","0","0","0","0","0","0","0","520000000","0.5","","dd3imp_therm.exe","","0xcd8c60"
"DERIDR","DERIDR","0","0","0","0","0","0","0","0","0","520000000","1","","dd3imp_therm.exe","deridr.for","0x44f820"
"[MKL BLAS]@dgemm_dcopy_right2_ea","mkl_blas_avx2_dgemm_dcopy_right2_ea","0","0","0","0","0","0","0","0","0","260000000","1","","dd3imp_therm.exe","","0x2af0500"
"TESTEQ","TESTEQ","0","0","0","0","0","0","0","0","0","260000000","0","0","dd3imp_therm.exe","testeq.for","0x56e1e0"
"BITRANS","BITRANS","0","0","0","0","0","0","0","0","0","520000000","1","","dd3imp_therm.exe","bitrans.for","0x43a6a0"
"security_check_cookie","security_check_cookie","0","0","0","0","0","0","0","0","0","520000000","1","","dd3imp_therm.exe","","0x2bc32f3"
"GLSTRAINT","GLSTRAINT","0","0","0","0","0","0","0","0","0","260000000","0","0","dd3imp_therm.exe","GLstrainT.for","0x500ac0"
"__svml_log2_n9","__svml_log2_n9","0","0","0","0","0","0","0","0","0","260000000","0","0","dd3imp_therm.exe","","0x73f340"
"TANGSM","TANGSM","0","0","0","0","0","0","0","0","0","260000000","1","","dd3imp_therm.exe","tangsm.for","0x5a2c40"
"DATA2NODE","DATA2NODE","0","0","0","0","0","0","0","0","0","260000000","0","0","dd3imp_therm.exe","outELM4all.for","0x4d8830"
"[MKL BLAS]@xdger","mkl_blas_xdger","0","0","0","0","0","0","0","0","0","520000000","0","0","dd3imp_therm.exe","","0xcee060"
"for__acquire_lun","for__acquire_lun","0","0","0","0","0","0","0","0","0","260000000","0","0","dd3imp_therm.exe","","0x6be120"
"GRNGDX","GRNGDX","0","0","0","0","0","0","0","0","0","260000000","0","0","dd3imp_therm.exe","grngdx.for","0x428500"
"[MKL PARDISO]@kgjmerge","mkl_pds_kgjmerge","0","0","0","0","0","0","0","0","0","260000000","0","0","dd3imp_therm.exe","","0x8471bc"
"for__format_value","for__format_value","0","0","0","0","0","0","0","0","0","260000000","1","","dd3imp_therm.exe","","0x6d53f0"
